insert into public.payment (id, created_at,  status, total, transaction_id, updated_at)
values  ('0687a3f2-52f1-4a4c-8f6a-cdc14972ef97', '2022-06-30', 'COMPLETED', 80.00, '33759c6e-1b8d-4935-8ab6-b149803bf431', '2022-08-31'),
        ('3ab208c8-6968-453a-8f70-e4d2fa32bf33', '2022-08-31',  'COMPLETED', 80.00, '1f7b7b2d-c013-4210-bb43-e9eb56e5134d', '2022-08-31'),
        ('b48984be-d1ce-4ddd-a1eb-8c4942f50b6f', '2022-09-01',  'COMPLETED', 40.00, 'd3f6fc49-e7bf-4440-b88c-5f8398d77dcc', '2022-09-01');

insert into public.point (id, address, final_current_period, initial_current_period, latitude, longitude, organization_id, processed, range, deleted, deleted_at)
values  ('4e046990-0a10-4c0d-af5f-10f46a0186ea', 'Avenida panama 24', '2022-09-30', '2022-08-31', 9.05535504240056, -79.41938985143295, '0cb13956-dd21-4b10-8846-74cc735fd842', true, 300, false, null),
        ('cfb44109-04f3-436e-8a46-0bbb25d6918f', 'Avenida panama 5', '2022-09-30', '2022-08-31', 9.042624552419033, -79.43699618325384, '0cb13956-dd21-4b10-8846-74cc735fd842', true, 300, false, null),
        ('3072c5e8-91bc-4767-b468-98ff22c787a2', 'Avenida panama 5', '2022-10-01', '2022-09-01', -33.51890932365694, -70.79083867177796, '0cb13956-dd21-4b10-8846-74cc735fd842', true, 500, false, null);

insert into public.payment_points (payment_id, point_id)
values  ('0687a3f2-52f1-4a4c-8f6a-cdc14972ef97', 'cfb44109-04f3-436e-8a46-0bbb25d6918f'),
        ('0687a3f2-52f1-4a4c-8f6a-cdc14972ef97', '4e046990-0a10-4c0d-af5f-10f46a0186ea'),
        ('3ab208c8-6968-453a-8f70-e4d2fa32bf33', 'cfb44109-04f3-436e-8a46-0bbb25d6918f'),
        ('3ab208c8-6968-453a-8f70-e4d2fa32bf33', '4e046990-0a10-4c0d-af5f-10f46a0186ea'),
        ('b48984be-d1ce-4ddd-a1eb-8c4942f50b6f', '3072c5e8-91bc-4767-b468-98ff22c787a2');


insert into public.point_information (id, ages, area, audience, created_at, density, floating, households, nse, point_initial_period, pois_cats, pois_names, population, residents, tma, traffic15, point_id, point_final_period)
values  ('f3f7ff01-3934-4e22-b0e2-4a1818ae562b', '{"6_14":13.0,"15_64":69.0,"0_5":8.0,"65+":9.0}', '{"type":"FeatureCollection","features":[{"type":"Feature","geometry":{"type":"GeometryCollection","geometries":[{"type":"Polygon","coordinates":[[[-79.438384,9.041104],[-79.43831899999999,9.04119],[-79.43806199999999,9.041276],[-79.43771799999999,9.041619],[-79.43763299999999,9.041877000000001],[-79.437547,9.041963],[-79.43750399999999,9.042091000000001],[-79.43750399999999,9.042263],[-79.437547,9.042392],[-79.437675,9.042435],[-79.43818999999999,9.042435],[-79.43831899999999,9.042478],[-79.438362,9.042606],[-79.43831899999999,9.042734999999999],[-79.43818999999999,9.042777999999998],[-79.437675,9.042777999999998],[-79.437547,9.042820999999998],[-79.437461,9.043077999999998],[-79.437375,9.043163999999997],[-79.437375,9.043249999999997],[-79.437461,9.043335999999996],[-79.437547,9.043592999999996],[-79.43763299999999,9.043678999999996],[-79.43763299999999,9.043764999999995],[-79.43750399999999,9.043807999999995],[-79.43737499999999,9.043764999999995],[-79.43728899999999,9.043507999999996],[-79.437203,9.043421999999996],[-79.43715999999999,9.043292999999997],[-79.43715999999999,9.042949999999996],[-79.437203,9.042820999999996],[-79.43728899999999,9.042734999999997],[-79.437332,9.042605999999997],[-79.43728899999999,9.042477999999997],[-79.437118,9.042305999999998],[-79.436989,9.042262999999998],[-79.436646,9.042262999999998],[-79.436517,9.042219999999999],[-79.43647399999999,9.042091],[-79.43647399999999,9.04192],[-79.43643099999998,9.041791],[-79.43625899999998,9.041619],[-79.43617299999998,9.041619],[-79.43574399999999,9.042048000000001],[-79.43565799999999,9.042048000000001],[-79.435616,9.041920000000001],[-79.43565799999999,9.041791000000002],[-79.43608799999998,9.041362000000001],[-79.43608799999998,9.041276000000002],[-79.43600199999999,9.041190000000002],[-79.43591599999999,9.040933000000003],[-79.43583,9.040847000000003],[-79.435744,9.040589000000002],[-79.435658,9.040504000000002],[-79.43561600000001,9.040375000000003],[-79.43561600000001,9.040203000000004],[-79.435573,9.040074000000004],[-79.43548700000001,9.039989000000004],[-79.435444,9.039860000000004],[-79.435444,9.039688000000005],[-79.43548700000001,9.039559000000006],[-79.43561600000001,9.039516000000006],[-79.43574400000001,9.039559000000006],[-79.43578700000002,9.039688000000005],[-79.43578700000002,9.040031000000006],[-79.43583000000002,9.040160000000006],[-79.43591600000002,9.040246000000005],[-79.43600200000002,9.040504000000006],[-79.43608800000001,9.040589000000006],[-79.43617300000001,9.040847000000007],[-79.436259,9.040933000000006],[-79.436345,9.041190000000006],[-79.436431,9.041190000000006],[-79.436517,9.041104000000006],[-79.436646,9.041061000000006],[-79.43715999999999,9.041061000000006],[-79.43728899999999,9.041104000000006],[-79.43737499999999,9.041190000000006],[-79.43750399999999,9.041233000000005],[-79.43767499999998,9.041233000000005],[-79.43780399999999,9.041190000000006],[-79.43823299999998,9.040761000000005],[-79.43836199999998,9.040718000000005],[-79.43849099999998,9.040761000000005],[-79.43853399999999,9.040890000000005],[-79.43851199999999,9.041018000000005],[-79.43838399999999,9.041104000000004]]]}]},"properties":{"latitude":null,"lon":"-79.43699618325384"}}]}', 22998, '2022-08-31', 3.29, 18729, 30580, '{"A":1.0}', '2022-08-31', '{}', '[]', 100636, 14522, '[{"avg_e":4318.888888888889,"lon":-79.4392935113166,"lat":9.042304837327206},{"avg_e":71721.41935483871,"lon":-79.43659856546424,"lat":9.04762770715443}]', 334.45, 'cfb44109-04f3-436e-8a46-0bbb25d6918f', '2022-09-30'),
        ('593b9343-44ba-4513-bbc1-640f8db951e6', '{"6_14":13.0,"15_64":69.0,"0_5":8.0,"65+":9.0}', '{"type":"FeatureCollection","features":[{"type":"Feature","geometry":{"type":"GeometryCollection","geometries":[{"type":"Polygon","coordinates":[[[-79.438384,9.041104],[-79.43831899999999,9.04119],[-79.43806199999999,9.041276],[-79.43771799999999,9.041619],[-79.43763299999999,9.041877000000001],[-79.437547,9.041963],[-79.43750399999999,9.042091000000001],[-79.43750399999999,9.042263],[-79.437547,9.042392],[-79.437675,9.042435],[-79.43818999999999,9.042435],[-79.43831899999999,9.042478],[-79.438362,9.042606],[-79.43831899999999,9.042734999999999],[-79.43818999999999,9.042777999999998],[-79.437675,9.042777999999998],[-79.437547,9.042820999999998],[-79.437461,9.043077999999998],[-79.437375,9.043163999999997],[-79.437375,9.043249999999997],[-79.437461,9.043335999999996],[-79.437547,9.043592999999996],[-79.43763299999999,9.043678999999996],[-79.43763299999999,9.043764999999995],[-79.43750399999999,9.043807999999995],[-79.43737499999999,9.043764999999995],[-79.43728899999999,9.043507999999996],[-79.437203,9.043421999999996],[-79.43715999999999,9.043292999999997],[-79.43715999999999,9.042949999999996],[-79.437203,9.042820999999996],[-79.43728899999999,9.042734999999997],[-79.437332,9.042605999999997],[-79.43728899999999,9.042477999999997],[-79.437118,9.042305999999998],[-79.436989,9.042262999999998],[-79.436646,9.042262999999998],[-79.436517,9.042219999999999],[-79.43647399999999,9.042091],[-79.43647399999999,9.04192],[-79.43643099999998,9.041791],[-79.43625899999998,9.041619],[-79.43617299999998,9.041619],[-79.43574399999999,9.042048000000001],[-79.43565799999999,9.042048000000001],[-79.435616,9.041920000000001],[-79.43565799999999,9.041791000000002],[-79.43608799999998,9.041362000000001],[-79.43608799999998,9.041276000000002],[-79.43600199999999,9.041190000000002],[-79.43591599999999,9.040933000000003],[-79.43583,9.040847000000003],[-79.435744,9.040589000000002],[-79.435658,9.040504000000002],[-79.43561600000001,9.040375000000003],[-79.43561600000001,9.040203000000004],[-79.435573,9.040074000000004],[-79.43548700000001,9.039989000000004],[-79.435444,9.039860000000004],[-79.435444,9.039688000000005],[-79.43548700000001,9.039559000000006],[-79.43561600000001,9.039516000000006],[-79.43574400000001,9.039559000000006],[-79.43578700000002,9.039688000000005],[-79.43578700000002,9.040031000000006],[-79.43583000000002,9.040160000000006],[-79.43591600000002,9.040246000000005],[-79.43600200000002,9.040504000000006],[-79.43608800000001,9.040589000000006],[-79.43617300000001,9.040847000000007],[-79.436259,9.040933000000006],[-79.436345,9.041190000000006],[-79.436431,9.041190000000006],[-79.436517,9.041104000000006],[-79.436646,9.041061000000006],[-79.43715999999999,9.041061000000006],[-79.43728899999999,9.041104000000006],[-79.43737499999999,9.041190000000006],[-79.43750399999999,9.041233000000005],[-79.43767499999998,9.041233000000005],[-79.43780399999999,9.041190000000006],[-79.43823299999998,9.040761000000005],[-79.43836199999998,9.040718000000005],[-79.43849099999998,9.040761000000005],[-79.43853399999999,9.040890000000005],[-79.43851199999999,9.041018000000005],[-79.43838399999999,9.041104000000004]]]}]},"properties":{"latitude":null,"lon":"-79.43699618325384"}}]}', 22998, '2022-06-30', 3.29, 18729, 30580, '{"A":1.0}', '2022-06-30', '{}', '[]', 100636, 14522, '[{"avg_e":4318.888888888889,"lon":-79.4392935113166,"lat":9.042304837327206},{"avg_e":71721.41935483871,"lon":-79.43659856546424,"lat":9.04762770715443}]', 334.45, 'cfb44109-04f3-436e-8a46-0bbb25d6918f', '2022-07-30'),
        ('2422ea64-e4a5-438a-b06a-2a290691e2dc', '{"6_14":13.0,"15_64":69.0,"0_5":8.0,"65+":9.0}', '{"type":"FeatureCollection","features":[{"type":"Feature","geometry":{"type":"GeometryCollection","geometries":[{"type":"Polygon","coordinates":[[[-79.420488,9.055824],[-79.420381,9.055867],[-79.420338,9.055995999999999],[-79.420338,9.056167999999998],[-79.420381,9.056295999999998],[-79.420466,9.056381999999997],[-79.42050900000001,9.056510999999997],[-79.420466,9.056639999999996],[-79.420381,9.056639999999996],[-79.420209,9.056467999999997],[-79.420123,9.056424999999997],[-79.42003700000001,9.056510999999997],[-79.42003700000001,9.056639999999996],[-79.42029500000001,9.056896999999996],[-79.420381,9.057154999999996],[-79.420466,9.057239999999997],[-79.42050900000001,9.057368999999996],[-79.420466,9.057497999999995],[-79.420338,9.057540999999995],[-79.420209,9.057497999999995],[-79.420123,9.057239999999995],[-79.42003700000001,9.057154999999995],[-79.41995100000001,9.056896999999994],[-79.419694,9.056639999999994],[-79.41960800000001,9.056381999999994],[-79.41952200000001,9.056381999999994],[-79.41926500000001,9.056639999999994],[-79.41900700000001,9.056725999999994],[-79.41892100000001,9.056810999999994],[-79.41879300000001,9.056853999999994],[-79.418664,9.056810999999994],[-79.418664,9.056725999999994],[-79.41900700000001,9.056381999999994],[-79.41926500000001,9.056295999999994],[-79.419436,9.056124999999994],[-79.419436,9.056038999999995],[-79.419179,9.055780999999994],[-79.419093,9.055523999999995],[-79.418921,9.055351999999996],[-79.418793,9.055308999999996],[-79.41862099999999,9.055308999999996],[-79.41849199999999,9.055265999999996],[-79.41849199999999,9.055180999999996],[-79.41857799999998,9.055094999999996],[-79.41862099999999,9.054965999999997],[-79.41857799999998,9.054836999999997],[-79.41849199999999,9.054836999999997],[-79.41840599999999,9.054922999999997],[-79.41832099999999,9.054922999999997],[-79.418235,9.054793999999998],[-79.418106,9.054665999999997],[-79.41793399999999,9.054622999999998],[-79.41780599999998,9.054579999999998],[-79.41780599999998,9.054493999999998],[-79.41797699999998,9.054321999999999],[-79.41823499999998,9.054236],[-79.41857799999998,9.053892999999999],[-79.41857799999998,9.053806999999999],[-79.41849199999999,9.053721],[-79.41844899999998,9.053593],[-79.41849199999999,9.053464],[-79.41857799999998,9.053464],[-79.41883599999998,9.053721],[-79.41892099999998,9.053721],[-79.41900699999998,9.053636],[-79.41913599999998,9.053593],[-79.41926499999998,9.053636],[-79.41930799999999,9.053764],[-79.41926499999998,9.053892999999999],[-79.41900699999998,9.053978999999998],[-79.41892099999998,9.054064999999998],[-79.41866399999998,9.054150999999997],[-79.41862099999997,9.054278999999998],[-79.41866399999998,9.054407999999997],[-79.41892099999998,9.054665999999997],[-79.41900699999998,9.054922999999997],[-79.41909299999998,9.055008999999997],[-79.41917899999997,9.055265999999996],[-79.41926499999997,9.055265999999996],[-79.41935099999996,9.055180999999996],[-79.41960799999997,9.055094999999996],[-79.41986599999997,9.054836999999996],[-79.41999399999997,9.054793999999996],[-79.42012299999998,9.054836999999996],[-79.42012299999998,9.054922999999995],[-79.41995099999997,9.055094999999994],[-79.41990899999998,9.055180999999994],[-79.41999399999997,9.055265999999994],[-79.42012299999998,9.055265999999994],[-79.42020899999997,9.055180999999994],[-79.42033799999997,9.055137999999994],[-79.42046599999998,9.055180999999994],[-79.42046599999998,9.055265999999994],[-79.42042399999998,9.055351999999994],[-79.42050899999998,9.055437999999993],[-79.42063799999998,9.055523999999993],[-79.42068099999999,9.055652999999992],[-79.42065999999998,9.055780999999993],[-79.42059499999998,9.055823999999992],[-79.42048799999998,9.055823999999992]]]}]},"properties":{"latitude":null,"lon":"-79.41938985143295"}}]}', 13942, '2022-06-30', 3.29, 10565, 30580, '{"A":1.0}', '2022-06-30', '{}', '[]', 100636, 9847, '[{"avg_e":7033.619047619048,"lon":-79.41773394449774,"lat":9.04762770715443},{"avg_e":6173.470588235294,"lon":-79.4204288903501,"lat":9.052950498239785},{"avg_e":4858.75,"lon":-79.4231238362025,"lat":9.060934537128876}]', 188.65, '4e046990-0a10-4c0d-af5f-10f46a0186ea', '2022-07-30'),
        ('8966c23b-e1b8-4fe5-86bf-5fdae7ce4705', '{"6_14":13.0,"15_64":69.0,"0_5":8.0,"65+":9.0}', '{"type":"FeatureCollection","features":[{"type":"Feature","geometry":{"type":"GeometryCollection","geometries":[{"type":"Polygon","coordinates":[[[-79.420488,9.055824],[-79.420381,9.055867],[-79.420338,9.055995999999999],[-79.420338,9.056167999999998],[-79.420381,9.056295999999998],[-79.420466,9.056381999999997],[-79.42050900000001,9.056510999999997],[-79.420466,9.056639999999996],[-79.420381,9.056639999999996],[-79.420209,9.056467999999997],[-79.420123,9.056424999999997],[-79.42003700000001,9.056510999999997],[-79.42003700000001,9.056639999999996],[-79.42029500000001,9.056896999999996],[-79.420381,9.057154999999996],[-79.420466,9.057239999999997],[-79.42050900000001,9.057368999999996],[-79.420466,9.057497999999995],[-79.420338,9.057540999999995],[-79.420209,9.057497999999995],[-79.420123,9.057239999999995],[-79.42003700000001,9.057154999999995],[-79.41995100000001,9.056896999999994],[-79.419694,9.056639999999994],[-79.41960800000001,9.056381999999994],[-79.41952200000001,9.056381999999994],[-79.41926500000001,9.056639999999994],[-79.41900700000001,9.056725999999994],[-79.41892100000001,9.056810999999994],[-79.41879300000001,9.056853999999994],[-79.418664,9.056810999999994],[-79.418664,9.056725999999994],[-79.41900700000001,9.056381999999994],[-79.41926500000001,9.056295999999994],[-79.419436,9.056124999999994],[-79.419436,9.056038999999995],[-79.419179,9.055780999999994],[-79.419093,9.055523999999995],[-79.418921,9.055351999999996],[-79.418793,9.055308999999996],[-79.41862099999999,9.055308999999996],[-79.41849199999999,9.055265999999996],[-79.41849199999999,9.055180999999996],[-79.41857799999998,9.055094999999996],[-79.41862099999999,9.054965999999997],[-79.41857799999998,9.054836999999997],[-79.41849199999999,9.054836999999997],[-79.41840599999999,9.054922999999997],[-79.41832099999999,9.054922999999997],[-79.418235,9.054793999999998],[-79.418106,9.054665999999997],[-79.41793399999999,9.054622999999998],[-79.41780599999998,9.054579999999998],[-79.41780599999998,9.054493999999998],[-79.41797699999998,9.054321999999999],[-79.41823499999998,9.054236],[-79.41857799999998,9.053892999999999],[-79.41857799999998,9.053806999999999],[-79.41849199999999,9.053721],[-79.41844899999998,9.053593],[-79.41849199999999,9.053464],[-79.41857799999998,9.053464],[-79.41883599999998,9.053721],[-79.41892099999998,9.053721],[-79.41900699999998,9.053636],[-79.41913599999998,9.053593],[-79.41926499999998,9.053636],[-79.41930799999999,9.053764],[-79.41926499999998,9.053892999999999],[-79.41900699999998,9.053978999999998],[-79.41892099999998,9.054064999999998],[-79.41866399999998,9.054150999999997],[-79.41862099999997,9.054278999999998],[-79.41866399999998,9.054407999999997],[-79.41892099999998,9.054665999999997],[-79.41900699999998,9.054922999999997],[-79.41909299999998,9.055008999999997],[-79.41917899999997,9.055265999999996],[-79.41926499999997,9.055265999999996],[-79.41935099999996,9.055180999999996],[-79.41960799999997,9.055094999999996],[-79.41986599999997,9.054836999999996],[-79.41999399999997,9.054793999999996],[-79.42012299999998,9.054836999999996],[-79.42012299999998,9.054922999999995],[-79.41995099999997,9.055094999999994],[-79.41990899999998,9.055180999999994],[-79.41999399999997,9.055265999999994],[-79.42012299999998,9.055265999999994],[-79.42020899999997,9.055180999999994],[-79.42033799999997,9.055137999999994],[-79.42046599999998,9.055180999999994],[-79.42046599999998,9.055265999999994],[-79.42042399999998,9.055351999999994],[-79.42050899999998,9.055437999999993],[-79.42063799999998,9.055523999999993],[-79.42068099999999,9.055652999999992],[-79.42065999999998,9.055780999999993],[-79.42059499999998,9.055823999999992],[-79.42048799999998,9.055823999999992]]]}]},"properties":{"latitude":null,"lon":"-79.41938985143295"}}]}', 13942, '2022-08-31', 3.29, 10565, 30580, '{"A":1.0}', '2022-08-31', '{}', '[]', 100636, 9847, '[{"avg_e":7033.619047619048,"lon":-79.41773394449774,"lat":9.04762770715443},{"avg_e":6173.470588235294,"lon":-79.4204288903501,"lat":9.052950498239785},{"avg_e":4858.75,"lon":-79.4231238362025,"lat":9.060934537128876}]', 188.65, '4e046990-0a10-4c0d-af5f-10f46a0186ea', '2022-09-30'),
        ('8b37f326-5028-434f-8ae7-33b363b6dae1', '{"6_14":12.0,"15_64":76.0,"0_5":7.0,"65+":5.0}', '{"type":"FeatureCollection","features":[{"type":"Feature","geometry":{"type":"GeometryCollection","geometries":[{"type":"Polygon","coordinates":[[[-70.79592,-33.519759],[-70.795856,-33.519673],[-70.795727,-33.51963],[-70.79504,-33.51963],[-70.794911,-33.519588],[-70.794826,-33.519501999999996],[-70.794568,-33.51941599999999],[-70.794525,-33.51928699999999],[-70.794525,-33.51825699999999],[-70.79448199999999,-33.51812799999999],[-70.79439599999999,-33.51812799999999],[-70.79435299999999,-33.51825699999999],[-70.79435299999999,-33.51894399999999],[-70.794311,-33.51907299999999],[-70.794225,-33.51907299999999],[-70.794139,-33.51898699999999],[-70.79401,-33.51894399999999],[-70.79349500000001,-33.51894399999999],[-70.793366,-33.51898699999999],[-70.793366,-33.51907299999999],[-70.793452,-33.51915799999999],[-70.793452,-33.51924399999999],[-70.793324,-33.51928699999999],[-70.79246499999999,-33.51928699999999],[-70.79233599999999,-33.51924399999999],[-70.792251,-33.51915799999999],[-70.79212199999999,-33.51911499999999],[-70.791607,-33.51911499999999],[-70.791478,-33.51907299999999],[-70.79143499999999,-33.51894399999999],[-70.79143499999999,-33.51859999999999],[-70.791478,-33.518471999999996],[-70.791607,-33.518429],[-70.79195,-33.518429],[-70.792079,-33.518386],[-70.792122,-33.518257],[-70.792079,-33.518128],[-70.79195,-33.518085],[-70.791607,-33.518085],[-70.791478,-33.518043],[-70.79143499999999,-33.517914],[-70.791478,-33.517784999999996],[-70.791607,-33.517742],[-70.79195,-33.517742],[-70.792079,-33.517784999999996],[-70.792165,-33.517871],[-70.792294,-33.517914],[-70.79246499999999,-33.517914],[-70.792594,-33.517956999999996],[-70.79267999999999,-33.518043],[-70.79280899999999,-33.518085],[-70.79297999999999,-33.518085],[-70.79310899999999,-33.518043],[-70.79315199999999,-33.517914],[-70.79315199999999,-33.517742],[-70.793195,-33.517613],[-70.793281,-33.517613],[-70.79336599999999,-33.517871],[-70.79345199999999,-33.517871],[-70.793495,-33.517742],[-70.793495,-33.517399],[-70.79345199999999,-33.517269999999996],[-70.79332399999998,-33.517227],[-70.79246499999998,-33.517227],[-70.79233599999998,-33.517184],[-70.79229399999998,-33.517056000000004],[-70.79229399999998,-33.516884000000005],[-70.79225099999998,-33.516755],[-70.79216499999998,-33.516669],[-70.79212199999998,-33.516541000000004],[-70.79212199999998,-33.516369000000005],[-70.79216499999998,-33.51624],[-70.79225099999998,-33.516154],[-70.79225099999998,-33.516068],[-70.79212199999998,-33.516026],[-70.79177899999998,-33.516026],[-70.79164999999998,-33.515983],[-70.79147799999997,-33.515811],[-70.79143499999996,-33.515682],[-70.79143499999996,-33.515339],[-70.79139199999996,-33.515209999999996],[-70.79126399999996,-33.515167],[-70.79113499999995,-33.515209999999996],[-70.79109199999995,-33.515339],[-70.79104899999994,-33.515511],[-70.79096299999995,-33.515595999999995],[-70.79087699999995,-33.515553],[-70.79079199999995,-33.515553],[-70.79070599999996,-33.515811],[-70.79057699999996,-33.515854],[-70.79040499999995,-33.515854],[-70.79027699999995,-33.515896999999995],[-70.79023399999994,-33.516026],[-70.79023399999994,-33.516884],[-70.79019099999994,-33.517013],[-70.79006199999993,-33.517056],[-70.78903199999993,-33.517056],[-70.78890299999993,-33.517098],[-70.78890299999993,-33.517184],[-70.78903199999993,-33.517227],[-70.78920399999994,-33.517227],[-70.78933199999994,-33.517269999999996],[-70.78937499999995,-33.517399],[-70.78937499999995,-33.5186],[-70.78933199999994,-33.518729],[-70.78924699999995,-33.518729],[-70.78920399999994,-33.5186],[-70.78920399999994,-33.518257],[-70.78916099999994,-33.518128],[-70.78903199999993,-33.518085],[-70.78890299999993,-33.518128],[-70.78885999999993,-33.518257],[-70.78885999999993,-33.518429],[-70.78881699999992,-33.518558],[-70.78868899999992,-33.5186],[-70.78834499999992,-33.5186],[-70.78821699999992,-33.518558],[-70.78813099999992,-33.518299999999996],[-70.78800199999992,-33.518257],[-70.78787299999992,-33.518299999999996],[-70.78778699999992,-33.518558],[-70.78770199999992,-33.518558],[-70.78761599999993,-33.518471999999996],[-70.78748699999993,-33.518429],[-70.78679999999993,-33.518429],[-70.78667199999992,-33.518386],[-70.78658599999993,-33.518299999999996],[-70.78645699999993,-33.518257],[-70.78542699999993,-33.518257],[-70.78529799999993,-33.518299999999996],[-70.78529799999993,-33.518386],[-70.78542699999993,-33.518429],[-70.78576999999993,-33.518429],[-70.78589899999993,-33.518471999999996],[-70.78598499999993,-33.518558],[-70.78611399999993,-33.5186],[-70.78679999999993,-33.5186],[-70.78692899999993,-33.518643],[-70.78701499999993,-33.518729],[-70.78714399999993,-33.518772],[-70.78731499999992,-33.518772],[-70.78744399999992,-33.518815],[-70.78748699999993,-33.518944],[-70.78748699999993,-33.519974],[-70.78744399999992,-33.520103],[-70.78718699999992,-33.520188],[-70.78718699999992,-33.520274],[-70.78731499999992,-33.520317],[-70.78885999999991,-33.520317],[-70.78898899999992,-33.52036],[-70.78898899999992,-33.520446],[-70.78873199999991,-33.520532],[-70.78873199999991,-33.520617],[-70.78898899999992,-33.520703000000005],[-70.78898899999992,-33.52078900000001],[-70.78890299999992,-33.52087500000001],[-70.78890299999992,-33.520961000000014],[-70.78898899999992,-33.52104700000002],[-70.78898899999992,-33.521132000000016],[-70.78890299999992,-33.52121800000002],[-70.78885999999991,-33.52134700000002],[-70.78885999999991,-33.52151900000002],[-70.78890299999992,-33.521647000000016],[-70.78916099999992,-33.52173300000002],[-70.78920399999993,-33.52186200000002],[-70.78920399999993,-33.52203400000002],[-70.78924699999993,-33.522162000000016],[-70.78937499999994,-33.522205000000014],[-70.78950399999994,-33.522162000000016],[-70.78954699999994,-33.52203400000002],[-70.78950399999994,-33.52190500000002],[-70.78941799999994,-33.521819000000015],[-70.78937499999994,-33.521690000000014],[-70.78937499999994,-33.52048900000001],[-70.78941799999994,-33.52036000000001],[-70.78954699999994,-33.52031700000001],[-70.78971899999995,-33.52031700000001],[-70.78984699999995,-33.52036000000001],[-70.78988999999996,-33.52048900000001],[-70.78988999999996,-33.52100400000001],[-70.78993299999996,-33.52113200000001],[-70.79001899999996,-33.52121800000001],[-70.79006199999996,-33.52134700000001],[-70.79006199999996,-33.52203400000001],[-70.79010499999997,-33.52216200000001],[-70.79023399999997,-33.52220500000001],[-70.79074899999996,-33.52220500000001],[-70.79087699999997,-33.522248000000005],[-70.79091999999997,-33.522377000000006],[-70.79091999999997,-33.52272000000001],[-70.79096299999998,-33.52284900000001],[-70.79104899999997,-33.52293500000001],[-70.79109199999998,-33.52306400000001],[-70.79109199999998,-33.523235000000014],[-70.79113499999998,-33.523364000000015],[-70.79122099999998,-33.523364000000015],[-70.79126399999998,-33.523235000000014],[-70.79126399999998,-33.52237700000001],[-70.79130599999998,-33.52224800000001],[-70.79139199999997,-33.52224800000001],[-70.79143499999998,-33.52237700000001],[-70.79143499999998,-33.52254900000001],[-70.79147799999998,-33.52267700000001],[-70.79160699999998,-33.52272000000001],[-70.79173599999999,-33.52267700000001],[-70.79177899999999,-33.52254900000001],[-70.79177899999999,-33.52237700000001],[-70.79182099999998,-33.52224800000001],[-70.79194999999999,-33.522205000000014],[-70.79246499999998,-33.522205000000014],[-70.79259399999998,-33.522162000000016],[-70.79263699999998,-33.52203400000002],[-70.79263699999998,-33.52066000000002],[-70.79267999999999,-33.520532000000024],[-70.79280899999999,-33.520489000000026],[-70.79383899999999,-33.520489000000026],[-70.793967,-33.520532000000024],[-70.794139,-33.520703000000026],[-70.794225,-33.52096100000003],[-70.794353,-33.521004000000026],[-70.794482,-33.52096100000003],[-70.79452500000001,-33.52083200000003],[-70.79452500000001,-33.519974000000026],[-70.79456800000001,-33.519845000000025],[-70.79469700000001,-33.51980200000003],[-70.79486800000001,-33.51980200000003],[-70.79499700000001,-33.519845000000025],[-70.79504000000001,-33.519974000000026],[-70.79504000000001,-33.520489000000026],[-70.79508300000002,-33.52061700000002],[-70.79521200000002,-33.52066000000002],[-70.79534100000002,-33.52061700000002],[-70.79538300000002,-33.520489000000026],[-70.79534100000002,-33.520360000000025],[-70.79525500000003,-33.52027400000002],[-70.79521200000002,-33.52014500000002],[-70.79521200000002,-33.51997400000002],[-70.79525500000003,-33.51984500000002],[-70.79534100000002,-33.51984500000002],[-70.79542600000002,-33.51993100000002],[-70.79555500000002,-33.51997400000002],[-70.79589800000002,-33.51997400000002],[-70.79602700000002,-33.51993100000002],[-70.79604900000002,-33.51984500000002],[-70.79592000000002,-33.519759000000015]]]}]},"properties":{"latitude":null,"lon":"-70.79083867177796"}}]}', 54213, '2022-09-01', 3.31, 38553, 3447, '{"C3":45.0,"D":15.0,"C2":22.0}', '2022-09-01', '{"doityourself":1.0,"beverages":5.0,"hairdresser":1.0,"kindergarten":1.0,"cafe":1.0,"bakery":1.0,"restaurant":3.0,"convenience":5.0,"pub":1.0,"comms_tower":3.0,"fast_food":2.0}', '["Botilleria","Botilleria don chano","Botilleria Huracán","Botilleria","Almacen","Café","Pool","Ferretería Portales","Torre de telefonía","Torre de telefonía","Torre de telefonía","Almaceń Los Vecinos","Peluquería","Panadería","Almacén","Comida China","Pequeños Exploradores","Shitsu-Sushi","Los Tíos","Restaurant Sol","Sushi Ryu","Comida China","Botilleria Don Lalo"]', 11400, 48191, '[]', 688.45, '3072c5e8-91bc-4767-b468-98ff22c787a2', '2022-10-01');